fold,top1_acc,top3_acc,mean_ev_regret,n_test
1,0.85,1.0,5498.191634999998,20
2,0.75,1.0,4665.284070000003,20
3,0.631578947368421,1.0,6325.66741052632,19
